title,authors,Last Date Read,My Rating,genre,series_type,my_tags,goodreads_shelves
The Heroes,Joe Abercrombie,2026/05/11,4.0,Fantasy,Long Series,"*tbr, Epic Fantasy","Adventure, Epic, Epic Fantasy, Fantasy, Fiction, Grimdark, High Fantasy, Military & War"
Dreams of Sorrow,Shauna Lawless,2026/05/11,4.75,Fantasy,Short Series,Epic Fantasy,"Epic, Epic Fantasy, Fantasy, Fiction, High Fantasy, Mythology"
The Words of Kings and Prophets,Shauna Lawless,2026/05/05,4.5,Fantasy,Short Series,"Epic Fantasy, Indie","Adventure, Epic, Epic Fantasy, Fantasy, Fiction, High Fantasy, Ireland, Medieval, Mythology"
Empire of AI,Karen Hao,2026/04/16,4.0,Nonfiction,Standalone,Nonfiction,"Economics & Business, Social Aspects, Nonfiction, Technology, Science"
There Is No Antimemetics Division,qntm,2026/04/09,4.75,Science Fiction,Standalone,"Dystopian, Cosmic Horror, Short Stories, Sci-Fi Horror, *tbr","Speculative Fiction, Fiction, Contemporary, Fantasy, Horror, Science Fiction, Mystery, Philosophy, Sci-Fi Horror, Thriller, Dystopian, Short Stories, Cosmic Horror"
Twelve Months,Jim Butcher,2026/03/31,4.75,Fantasy,Long Series,"Detective, Urban Fantasy","Contemporary, Mythology, Urban Fantasy, Fantasy, Thriller, Vampires, Humor, Science Fiction, Fae, Speculative Fiction, Supernatural, Fiction, Detective, Mystery, Horror, Adventure"
Contact,Carl Sagan,2026/03/27,5.0,Science Fiction,Standalone,"First Contact, Hard Sci-Fi, *tbr, Aerospace","Adventure, Aerospace, Aliens, Classics, Fantasy, Fiction, First Contact, Hard Sci-Fi, Hard Science Fiction, Philosophy, Religion, Science"
Dreams of Fire,Shauna Lawless,2026/03/18,4.0,Fantasy,Short Series,"Epic Fantasy, Short Stories","Epic, Epic Fantasy, Fantasy, Fiction, High Fantasy, Ireland, Mythology, Short Stories"
Nobody's Girl: A Memoir of Surviving Abuse and Fighting for Justice,Virginia Roberts Giuffre,2026/03/09,4.75,Nonfiction,Standalone,"Biography, Nonfiction, History","Biography, Contemporary, Crime, Feminism, History, Nonfiction, Politics, Social Issues"
The Children of Gods and Fighting Men,Shauna Lawless,2026/03/09,4.0,Fantasy,Short Series,Epic Fantasy,"Epic, Epic Fantasy, Fantasy, Fiction, High Fantasy, Ireland, Medieval, Mythology, Norse, Vikings"
Morning Star,Pierce Brown,2026/02/24,5.0,Science Fiction,Long Series,"Dystopian, *completed, Space Opera","Adventure, Dystopian, Fantasy, Fiction, Military & War, Science, Science Fiction, Space Opera, Young Adult"
Between Two Fires,Christopher Buehlman,2026/02/22,5.0,Horror,Standalone,"Cosmic Horror, *completed, Historical Fiction, Monster Hunting, Supernatural Horror","Adventure, Christianity, Cosmic Horror, Europe, Fantasy, Fiction, Gothic, Grimdark, Historical Fiction, Horror, Medieval, Monster Hunting, Religion, Supernatural, Supernatural Horror, Thriller"
Katabasis,R. F. Kuang,2026/02/07,3.25,Fantasy,Standalone,"Urban Fantasy, Romance, Historical Fiction","Fantasy, Dark Academia, Fiction, Romance, Historical Fiction, Mythology, Romantasy, Speculative Fiction, Magical Realism, Adventure, Urban Fantasy, Contemporary, Literary"
The Claw of the Conciliator,Gene Wolfe,2026/01/24,3.5,Fantasy,Short Series,"*completed, Classics, Epic Fantasy, Post-Apocalyptic","Adventure, Dystopian, Epic, Epic Fantasy, Fantasy, Fiction, Grimdark, High Fantasy, Military & War, Post-Apocalyptic, Science"
The Shadow of the Torturer,Gene Wolfe,2026/01/17,4.0,Fantasy,Short Series,"*completed, Classics, Epic Fantasy, Post-Apocalyptic","Adventure, Dystopian, Epic, Epic Fantasy, Fantasy, Fiction, Grimdark, High Fantasy, Literary, Military & War, Post-Apocalyptic, Science"
Golden Son,Pierce Brown,2026/01/15,4.75,Science Fiction,Long Series,"Dystopian, *completed, Space Opera","Adventure, Dystopian, Fantasy, Fiction, Military & War, Science, Science Fiction, Space Opera, Young Adult"
Malice,Keigo Higashino,2026/01/06,4.0,Crime Fiction,Short Series,"Detective, Translated, *completed","Asian, Contemporary, Crime, Detective, Fiction, Mystery, Police Procedural, Thriller, Translated"
The Fifth Elephant,Terry Pratchett,2025/12/31,4.0,Fantasy,Short Series,"Humor, Dragons, *completed, Epic Fantasy","Contemporary, Dragons, Epic, Epic Fantasy, Fantasy, Fiction, High Fantasy, Humor, Military & War, Mystery, Science, Urban Fantasy, Young Adult"
The Lions of Al-Rassan,Guy Gavriel Kay,2025/12/29,4.5,Fantasy,Long Series,"Romance, *completed, Historical Fiction, Epic Fantasy","Adventure, Alternate History, Epic, Fantasy, Fiction, High Fantasy, Historical Fiction, Military & War, Mythology, Religion, Romance"
Red Rising,Pierce Brown,2025/12/27,3.5,Science Fiction,Long Series,"Dystopian, *completed, Space Opera","Adventure, Dystopian, Fantasy, Fiction, Military & War, Science, Science Fiction, Space Opera, Young Adult"
Shadows Upon Time,Christopher Ruocchio,2025/12/14,5.0,Science Fiction,Long Series,"First Contact, *completed, Space Opera, Indie, Espionage, Epic Fantasy","Aliens, Contemporary, Epic, Epic Fantasy, Fantasy, Fiction, First Contact, Grimdark, High Fantasy, Horror, Military & War, Mystery, Robots, Space Opera, Technology, Thriller"
Interview With the Vampire,Anne Rice,2025/11/29,2.25,Fantasy,Long Series,"Urban Fantasy, Romance, *completed, Historical Fiction, Supernatural Horror","Fantasy, Fiction, Gothic, Grimdark, Historical Fiction, Horror, LGBTQ, Mystery, Mythology, Romance, Supernatural, Supernatural Horror, Thriller, Urban Fantasy, Vampires"
Slaughterhouse-Five,Kurt Vonnegut Jr.,2025/11/08,5.0,Fantasy,Standalone,"Humor, *completed, Classics, Time Travel","Classics, Dystopian, Fantasy, Fiction, Humor, Literary, Military & War, Time Travel, World War II"
Frankenstein,Mary Shelley,2025/11/04,3.75,Science Fiction,Standalone,"Classics, *completed, Sci-Fi Horror","Speculative Fiction, Fiction, Fantasy, Horror, Science Fiction, Sci-Fi Horror, Classics, Historical Fiction, Literary, Thriller, Gothic, Dark Academia"
Pet Sematary,Stephen King,2025/10/31,4.5,Horror,Standalone,"Supernatural Horror, *completed","Contemporary, Fantasy, Fiction, Horror, Mystery, Supernatural, Supernatural Horror, Thriller, Zombies"
Moving Pictures,Terry Pratchett,2025/10/29,3.5,Fantasy,Short Series,"Humor, Classics, *completed","Adventure, Fantasy, Fiction, High Fantasy, Humor, Military & War, Mystery, Science, Urban Fantasy, Vampires, Young Adult"
Challenger,Adam Higginbotham,2025/10/19,4.25,Nonfiction,Standalone,"History, *completed, Biography, Nonfiction, Aerospace","20th Century, Aerospace, Americas, Biography, History, Nonfiction, Reference, Science, Technology"
Discovery,J. A. J. Minton,2025/10/18,4.25,Horror,Short Series,"First Contact, Cosmic Horror, *completed, Indie","Fantasy, Fiction, First Contact, Horror, Indie, Mystery"
Disquiet Gods,Christopher Ruocchio,2025/10/06,4.5,Science Fiction,Long Series,"*completed, Space Opera, Indie, Epic Fantasy","Epic, Epic Fantasy, Fantasy, Fiction, Grimdark, High Fantasy, Horror, Military & War, Mystery, Space Opera, Speculative Fiction, Technology"
Jingo,Terry Pratchett,2025/10/01,3.75,Fantasy,Short Series,"Humor, Dragons, *completed, Epic Fantasy","Adventure, Dragons, Epic, Epic Fantasy, Fantasy, Fiction, High Fantasy, Humor, Military & War, Mystery, Politics, Science, Urban Fantasy, Young Adult"
"Tales of the Sun Eater, Volume 3",Christopher Ruocchio,2025/09/02,4.0,Science Fiction,Long Series,"Short Stories, *completed, Space Opera, Indie, Epic Fantasy","Epic, Epic Fantasy, Fantasy, Fiction, Grimdark, High Fantasy, Horror, Military & War, Mystery, Short Stories, Space Opera, Speculative Fiction, Technology"
The Dregs of Empire,Christopher Ruocchio,2025/08/26,4.5,Science Fiction,Long Series,"Short Stories, *completed, Space Opera, Indie, Epic Fantasy","Epic, Epic Fantasy, Fantasy, Fiction, Grimdark, High Fantasy, Horror, Military & War, Mystery, Short Stories, Space Opera, Technology"
"Tales of the Sun Eater, Volume 2",Christopher Ruocchio,2025/08/20,3.5,Science Fiction,Long Series,"Short Stories, *completed, Space Opera, Indie, Epic Fantasy","Epic, Epic Fantasy, Fantasy, Fiction, Grimdark, High Fantasy, Horror, Military & War, Mystery, Short Stories, Space Opera, Technology"
A Canticle for Leibowitz,Walter M. Miller Jr.,2025/08/16,4.75,Fantasy,Standalone,"Dystopian, *completed, Classics, Post-Apocalyptic","Christianity, Classics, Dystopian, Fantasy, Fiction, Military & War, Philosophy, Post-Apocalyptic, Religion, Science"
Feet of Clay,Terry Pratchett,2025/08/13,4.25,Fantasy,Short Series,"Humor, Dragons, *completed, Epic Fantasy","Adventure, Crime, Dragons, Epic, Epic Fantasy, Fantasy, Fiction, High Fantasy, Humor, Military & War, Mystery, Science, Urban Fantasy, Young Adult"
Isles of the Emberdark,Brandon Sanderson,2025/08/02,4.75,Fantasy,Standalone,"Epic Fantasy, Dragons, *completed","Adventure, Dragons, Epic, Fantasy, Fiction, High Fantasy"
Empire of Pain: The Secret History of the Sackler Dynasty,Patrick Radden Keefe,2025/07/26,4.5,Nonfiction,Standalone,"History, *completed, Biography, Nonfiction","Biography, Crime, Economics & Business, Health & Medicine, Historical Fiction, History, Journalism, Nonfiction, Politics, Science"
James,Percival Everett,2025/07/19,4.75,Historical Fiction,Standalone,"Humor, *completed, Historical Fiction","Adventure, Contemporary, Fiction, Historical Fiction, Humor, Literary, Social Issues"
Men at Arms,Terry Pratchett,2025/07/15,4.25,Fantasy,Short Series,"Humor, Dragons, *completed, Epic Fantasy","Adventure, Crime, Dragons, Epic, Epic Fantasy, Fantasy, Fiction, High Fantasy, Humor, Military & War, Mystery, Science, Urban Fantasy, Young Adult"
The Book That Held Her Heart,Mark Lawrence,2025/07/10,4.0,Fantasy,Short Series,"Romance, Humor, *completed, Indie, Time Travel, Epic Fantasy","Adventure, Dark Academia, Dystopian, Epic, Epic Fantasy, Fantasy, Fiction, High Fantasy, Humor, Mystery, Romance, Romantasy, Time Travel"
Guards! Guards!,Terry Pratchett,2025/07/07,4.75,Fantasy,Short Series,"Humor, Dragons, *completed, Epic Fantasy","Adventure, Crime, Dragons, Epic, Epic Fantasy, Fantasy, Fiction, High Fantasy, Humor, Military & War, Mystery, Science, Urban Fantasy, Young Adult"
Blood Over Bright Haven,M. L. Wang,2025/06/25,5.0,Fantasy,Standalone,"Epic Fantasy, *completed","Dark Academia, Dystopian, Epic, Fantasy, Fiction, Grimdark, High Fantasy, Romantasy"
Parable of the Sower,Octavia E. Butler,2025/06/23,2.75,Fantasy,Short Series,"Dystopian, Post-Apocalyptic, *completed","Coming of Age, Dystopian, Fantasy, Feminism, Fiction, Literary, Post-Apocalyptic, Religion, Social Issues"
A Drop of Corruption,Robert Jackson Bennett,2025/06/09,5.0,Fantasy,Short Series,"Urban Fantasy, Competence, *completed, Detective, Epic Fantasy","Adventure, Competence, Crime, Detective, Epic, Epic Fantasy, Fantasy, Fiction, High Fantasy, Horror, LGBTQ, Mystery, Thriller, Urban Fantasy"
The Devils,Joe Abercrombie,2025/06/04,4.0,Fantasy,Short Series,"Humor, Epic Fantasy, Historical Fiction","Fantasy, Horror, Fiction, Grimdark, Historical Fiction, High Fantasy, Epic, Adventure, Vampires, Humor, Speculative Fiction, Alternate History, Supernatural, Thriller"
The Fury of the Gods,John Gwynne,2025/05/31,4.5,Fantasy,Short Series,"Epic Fantasy, Dragons, *completed","Adventure, Dragons, Epic, Epic Fantasy, Fantasy, Fiction, Grimdark, High Fantasy, Mythology, Norse, Vikings"
Midnight in Chernobyl,Adam Higginbotham,2025/05/20,3.75,Nonfiction,Standalone,"History, *completed, Biography, Nonfiction","Asian, Biography, Cold War, Crime, Europe, History, Journalism, Nonfiction, Politics, Science"
The Hunger of the Gods,John Gwynne,2025/05/06,4.25,Fantasy,Short Series,"Epic Fantasy, Dragons, *completed","Adventure, Dragons, Epic, Epic Fantasy, Fantasy, Fiction, Grimdark, High Fantasy, Mythology, Norse, Vikings"
This Inevitable Ruin,Matt Dinniman,2025/05/01,4.5,Fantasy,Long Series,"Urban Fantasy, Dystopian, Humor, *completed, Indie, Progression Fantasy, Survival, Dragons, Post-Apocalyptic","Fantasy, LitRPG, Progression Fantasy, Science Fiction, Fiction, Humor, Adventure, Dystopian, Post-Apocalyptic, Aliens, Urban Fantasy, Speculative Fiction, Horror, Survival, Dragons"
The Player of Games,Iain M. Banks,2025/04/10,4.0,Science Fiction,Long Series,"Competence, *completed, Space Opera","Adventure, Aliens, Competence, Fantasy, Fiction, Horror, Military & War, Science, Science Fiction, Space Opera"
The Eye of the Bedlam Bride,Matt Dinniman,2025/04/03,4.75,Fantasy,Long Series,"Urban Fantasy, Dystopian, Humor, *completed, Indie, Progression Fantasy, Survival, Post-Apocalyptic","Fantasy, LitRPG, Progression Fantasy, Science Fiction, Fiction, Humor, Adventure, Dystopian, Aliens, Post-Apocalyptic, Urban Fantasy, Speculative Fiction, Horror, Survival"
The Shadow of the Gods,John Gwynne,2025/03/16,3.75,Fantasy,Short Series,"Epic Fantasy, Dragons, *completed","Adventure, Dragons, Epic, Epic Fantasy, Fantasy, Fiction, Grimdark, High Fantasy, Mythology, Norse"
"In the Garden of Beasts: Love, Terror, and an American Family in Hitler's Berlin",Erik Larson,2025/03/14,4.0,Nonfiction,Standalone,"History, *completed, Biography, Nonfiction","Biography, Crime, Europe, Germany, History, Holocaust, Military & War, Nonfiction, Politics, World War II"
The Butcher's Masquerade,Matt Dinniman,2025/03/06,5.0,Fantasy,Long Series,"Urban Fantasy, Dystopian, Humor, *completed, Indie, Progression Fantasy, Survival, Post-Apocalyptic","Fantasy, LitRPG, Progression Fantasy, Science Fiction, Fiction, Humor, Adventure, Dystopian, Post-Apocalyptic, Aliens, Urban Fantasy, Speculative Fiction, Horror, Survival"
Murder at Spindle Manor,Morgan Stang,2025/02/17,4.5,Fantasy,Short Series,"Urban Fantasy, Cozy, *completed, Indie, Detective, Supernatural Horror","Cozy, Crime, Detective, Fantasy, Fiction, Gothic, Grimdark, High Fantasy, Horror, Indie, Mystery, Steampunk, Supernatural, Supernatural Horror, Thriller, Urban Fantasy"
The Gate of the Feral Gods,Matt Dinniman,2025/02/06,4.25,Fantasy,Long Series,"Urban Fantasy, Dystopian, Humor, *completed, Indie, Progression Fantasy, Survival, Post-Apocalyptic","Fantasy, LitRPG, Progression Fantasy, Science Fiction, Fiction, Humor, Adventure, Dystopian, Post-Apocalyptic, Aliens, Urban Fantasy, Speculative Fiction, Horror, Survival"
Consider Phlebas,Iain M. Banks,2025/02/03,2.75,Science Fiction,Long Series,"Competence, *completed, Space Opera","Adventure, Aliens, Competence, Fantasy, Fiction, Horror, Military & War, Science, Science Fiction, Space Opera"
The Dungeon Anarchist's Cookbook,Matt Dinniman,2025/01/21,4.5,Fantasy,Long Series,"Urban Fantasy, Dystopian, Humor, *completed, Indie, Progression Fantasy, Survival, Monster Hunting, Post-Apocalyptic","Fantasy, LitRPG, Progression Fantasy, Science Fiction, Fiction, Humor, Adventure, Dystopian, Post-Apocalyptic, Aliens, Urban Fantasy, Speculative Fiction, Horror, Monster Hunting, Survival"
Hogfather,Terry Pratchett,2025/01/10,3.75,Fantasy,Short Series,"*completed, Humor","Adventure, Fantasy, Fiction, High Fantasy, Holiday, Humor, Science, Young Adult"
The Mercy of Gods,James S. A. Corey,2025/01/07,3.0,Science Fiction,Short Series,"First Contact, Dystopian, Space Opera","Science Fiction, Fiction, Space Opera, Fantasy, Aliens, Speculative Fiction, Adventure, Science, Young Adult, Dystopian, Military & War, First Contact, Thriller"
The Nightingale,Kristin Hannah,2024/12/29,5.0,Historical Fiction,Standalone,"Romance, *completed, Historical Fiction","Europe, Fiction, Historical Fiction, Holocaust, Literary, Military & War, Romance, World War II"
Wind and Truth,Brandon Sanderson,2024/12/18,4.75,Fantasy,Long Series,"Epic Fantasy, *completed","Adventure, Epic, Epic Fantasy, Fantasy, Fiction, High Fantasy, Military & War"
Carl's Doomsday Scenario,Matt Dinniman,2024/12/16,4.0,Fantasy,Long Series,"Urban Fantasy, Humor, Dystopian, *completed, Indie, Progression Fantasy, Post-Apocalyptic","Fantasy, LitRPG, Progression Fantasy, Science Fiction, Fiction, Humor, Adventure, Dystopian, Aliens, Post-Apocalyptic, Urban Fantasy, Speculative Fiction, Horror"
A Memory of Light,Robert Jordan & Brandon Sanderson,2024/11/30,5.0,Fantasy,Long Series,"Epic Fantasy, *completed","Adventure, Epic, Epic Fantasy, Fantasy, Fiction, High Fantasy, Middle Grade, Military & War"
Towers of Midnight,Robert Jordan & Brandon Sanderson,2024/11/16,4.75,Fantasy,Long Series,"Epic Fantasy, *completed","Adventure, Epic, Epic Fantasy, Fantasy, Fiction, High Fantasy, Military & War"
Bury Your Gays,Chuck Tingle,2024/11/08,4.75,Horror,Standalone,"Humor, Supernatural Horror, *completed","Contemporary, Fantasy, Fiction, Horror, Humor, LGBTQ, Mystery, Supernatural, Supernatural Horror, Thriller"
The Ballad of Black Tom,Victor Lavalle,2024/11/03,4.5,Fantasy,Standalone,"Urban Fantasy, Cosmic Horror, *completed, Short Stories, Historical Fiction","Cosmic Horror, Fantasy, Historical Fiction, Horror, Urban Fantasy"
The Library at Mount Char,Scott Hawkins,2024/10/30,4.5,Horror,Standalone,"Urban Fantasy, Dystopian, *completed","Fantasy, Horror, Fiction, Science Fiction, Mystery, Urban Fantasy, Speculative Fiction, Thriller, Magical Realism, Supernatural, Dark Academia, Grimdark, Contemporary, Dystopian, Mythology"
The Gathering Storm,Robert Jordan & Brandon Sanderson,2024/10/19,5.0,Fantasy,Long Series,"Epic Fantasy, *completed","Adventure, Epic, Epic Fantasy, Fantasy, Fiction, High Fantasy, Military & War"
The Paper Menagerie and Other Stories,Ken Liu,2024/09/17,4.75,Literary Fiction,Standalone,"*completed, Short Stories, Historical Fiction, Literary","Short Stories, Fantasy, Fiction, Science Fiction, Magical Realism, Historical Fiction, Speculative Fiction, History, Asian, Contemporary, Literary"
Knife of Dreams,Robert Jordan,2024/09/09,4.5,Fantasy,Long Series,"Epic Fantasy, *completed","Adventure, Epic, Epic Fantasy, Fantasy, Fiction, High Fantasy, Military & War"
Dungeon Crawler Carl,Matt Dinniman,2024/08/28,4.75,Fantasy,Long Series,"Urban Fantasy, Humor, Dystopian, *completed, Indie, Progression Fantasy, Post-Apocalyptic","Fantasy, Science Fiction, Fiction, LitRPG, Progression Fantasy, Humor, Adventure, Dystopian, Speculative Fiction, Post-Apocalyptic, Aliens, Urban Fantasy, Horror"
The Lesser Devil and Other Stories,Christopher Ruocchio,2024/08/07,4.0,Science Fiction,Long Series,"*completed, Short Stories, Space Opera, Indie, Epic Fantasy","Epic, Epic Fantasy, Fantasy, Fiction, Grimdark, High Fantasy, Horror, Military & War, Mystery, Short Stories, Space Opera, Technology"
New Spring,Robert Jordan,2024/08/05,4.5,Fantasy,Long Series,"Epic Fantasy, *completed","Adventure, Epic, Epic Fantasy, Fantasy, Fiction, High Fantasy, Military & War"
Yours Truly,Abby Jimenez,2024/07/26,4.5,Literary Fiction,Short Series,"Romance, *completed","Chick-lit, Contemporary, Fiction, Romance"
Best Served Cold,Joe Abercrombie,2024/07/19,5.0,Fantasy,Long Series,"Epic Fantasy, *completed","Adventure, Epic, Epic Fantasy, Fantasy, Fiction, Grimdark, High Fantasy, Military & War, Revenge"
Do Androids Dream of Electric Sheep?,Philip K. Dick,2024/07/08,4.75,Fantasy,Standalone,"Dystopian, *completed, Classics, Cyberpunk, Post-Apocalyptic","Classics, Cyberpunk, Dystopian, Fantasy, Fiction, Mystery, Philosophy, Post-Apocalyptic, Robots, Science, Thriller"
Neuromancer,William Gibson,2024/06/30,4.5,Science Fiction,Short Series,"Dystopian, *completed, Classics, Cyberpunk","Crime, Cyberpunk, Dystopian, Fantasy, Fiction, Science, Thriller"
Last Argument of Kings,Joe Abercrombie,2024/06/25,4.75,Fantasy,Long Series,"Epic Fantasy, *completed","Adventure, Epic, Epic Fantasy, Fantasy, Fiction, Grimdark, High Fantasy, Military & War"
The Hitchhiker’s Guide to the Galaxy,Douglas Adams,2024/06/24,4.5,Science Fiction,Short Series,"Humor, *completed, Space Opera, Classics","Adventure, Classics, Fiction, Humor, Science, Science Fiction, Space Opera"
The Left Hand of Darkness,Ursula K. le Guin,2024/06/19,3.25,Science Fiction,Short Series,"Classics, *completed, Space Opera","Adventure, Aliens, Classics, Feminism, Fiction, High Fantasy, LGBTQ, Military & War, Philosophy, Science, Science Fiction, Social Issues, Space Opera"
The Tainted Cup,Robert Jackson Bennett,2024/06/05,4.25,Fantasy,Short Series,"Urban Fantasy, Competence, *completed, Detective, Epic Fantasy","Competence, Crime, Detective, Epic, Epic Fantasy, Fantasy, Fiction, High Fantasy, Horror, LGBTQ, Mystery, Thriller, Urban Fantasy"
Before They Are Hanged,Joe Abercrombie,2024/05/27,4.5,Fantasy,Long Series,"Epic Fantasy, *completed","Adventure, Epic, Epic Fantasy, Fantasy, Fiction, Grimdark, High Fantasy, Military & War"
Good Omens,Neil Gaiman & Terry Pratchett,2024/05/21,4.0,Fantasy,Standalone,"Urban Fantasy, Humor, *completed, Supernatural Horror","Adventure, Christianity, Classics, Contemporary, Fantasy, Fiction, Horror, Humor, LGBTQ, Magical Realism, Mythology, Religion, Science Fiction, Speculative Fiction, Supernatural, Supernatural Horror, Urban Fantasy, Young Adult"
Ashes of Man,Christopher Ruocchio,2024/05/09,4.5,Science Fiction,Long Series,"*completed, Space Opera, Indie, Epic Fantasy","Epic, Epic Fantasy, Fantasy, Fiction, Grimdark, High Fantasy, Horror, Military & War, Mystery, Space Opera, Speculative Fiction, Technology"
The Blade Itself,Joe Abercrombie,2024/05/05,4.0,Fantasy,Long Series,"Epic Fantasy, *completed","Adventure, Epic, Epic Fantasy, Fantasy, Fiction, Grimdark, High Fantasy, Military & War"
The Logic of Sports Betting,Ed Miller & Matthew Davidow,2024/05/03,,Nonfiction,Standalone,"Indie, Nonfiction, *completed","Nonfiction, Sports"
Kingdoms of Death,Christopher Ruocchio,2024/04/29,4.5,Science Fiction,Long Series,"Indie, *completed, Space Opera","Aliens, Epic, Fiction, Grimdark, High Fantasy, Horror, Military & War, Mystery, Science Fiction, Space Opera, Technology"
The Book That Broke the World,Mark Lawrence,2024/04/19,4.25,Fantasy,Short Series,"Romance, Humor, *completed, Indie, Time Travel, Epic Fantasy","Adventure, Dark Academia, Epic, Epic Fantasy, Fantasy, Fiction, High Fantasy, Humor, Mystery, Romance, Time Travel"
Soul Music,Terry Pratchett,2024/04/11,4.5,Fantasy,Short Series,"*completed, Humor","Adventure, Fantasy, Fiction, High Fantasy, Humor, Music, Science, Young Adult"
Overdue,Mark Lawrence,2024/04/10,3.75,Fantasy,Short Series,"Indie, Humor, *completed","Dark Academia, Entertainment, Epic, Fiction, High Fantasy, Humor, Language, Mystery, Science Fiction, Writing"
The Book That Wouldn’t Burn,Mark Lawrence,2024/04/09,5.0,Fantasy,Short Series,"Romance, Humor, *completed, Indie, Time Travel, Epic Fantasy","Adventure, Dark Academia, Epic, Epic Fantasy, Fantasy, Fiction, High Fantasy, Humor, Mystery, Romance, Time Travel"
Crossroads of Twilight,Robert Jordan,2024/03/29,2.0,Fantasy,Long Series,"Epic Fantasy, *completed","Adventure, Epic, Epic Fantasy, Fantasy, Fiction, High Fantasy, Military & War"
Demon in White,Christopher Ruocchio,2024/03/17,5.0,Science Fiction,Long Series,"*completed, Space Opera, Indie, Epic Fantasy","Aliens, Epic, Epic Fantasy, Fantasy, Fiction, Grimdark, High Fantasy, Horror, Military & War, Mystery, Space Opera, Technology"
Carpe Jugulum,Terry Pratchett,2024/02/26,4.75,Fantasy,Short Series,"*completed, Humor","Adventure, Fantasy, Fiction, High Fantasy, Humor, Mystery, Science, Supernatural, Vampires, Young Adult"
Howling Dark,Christopher Ruocchio,2024/02/15,4.75,Science Fiction,Long Series,"*completed, Space Opera, Indie, Epic Fantasy","Aliens, Epic, Epic Fantasy, Fantasy, Fiction, Grimdark, High Fantasy, Horror, Military & War, Mystery, Space Opera, Technology"
"The Devil in the White City: Murder, Magic, and Madness at the Fair That Changed America",Erik Larson,2024/02/10,3.75,Nonfiction,Standalone,"History, *completed, Biography, Nonfiction","Biography, Crime, History, Horror, Mystery, Nonfiction, Thriller"
Winter's Heart,Robert Jordan,2024/01/23,4.5,Fantasy,Long Series,"Epic Fantasy, *completed","Adventure, Epic, Epic Fantasy, Fantasy, Fiction, High Fantasy, Military & War"
Kindred,Octavia E. Butler,2024/01/19,5.0,Science Fiction,Standalone,"*completed, Historical Fiction, Classics, Time Travel","Classics, Fantasy, Feminism, Fiction, Historical Fiction, Horror, Literary, Magical Realism, Social Issues, Time Travel"
Empire of Silence,Christopher Ruocchio,2024/01/12,4.5,Science Fiction,Long Series,"Indie, *completed, Space Opera","Adventure, Space Opera, Science Fiction"
Prosper's Demon,K. J. Parker,2023/12/27,4.25,Fantasy,Short Series,"Humor, Competence, *completed, Short Stories, Supernatural Horror","Christianity, Competence, Fantasy, Fiction, Gothic, Grimdark, High Fantasy, Horror, Humor, Mystery, Short Stories, Supernatural, Supernatural Horror"
Dune Messiah,Frank Herbert,2023/12/25,3.75,Fantasy,Short Series,"Dystopian, *completed, Space Opera, Classics, Epic Fantasy","Adventure, Classics, Dystopian, Epic, Fantasy, Fiction, Philosophy, Politics, Religion, Science, Space Opera"
The Advent of Winter,Dom McDermott & Thiago Abdalla & Kian N. Ardalan & Zack Argyle & Cal Black & Ryan Cahill & T. L. Greylock & Tim Hardie & Natalie Kelda & Christer Lende & L. L. MacRae & Andrew D. Meredith & H. C. Newell & Tatiana Obey & Quenby Olson & Palmer Pickering & J. D. L. Rosell & Kerstin Espinosa Rosero & D. W. Ross & Karim Soliman & Tori Tecken & Jim Wilbourne & A. R. Witham & H.l.tinsley,2023/12/24,,Fantasy,Standalone,"Indie, Short Stories, *completed","Fantasy, Fiction, Indie, Short Stories"
The Path of Daggers,Robert Jordan,2023/12/19,3.25,Fantasy,Long Series,"Epic Fantasy, *completed","Adventure, Epic, Epic Fantasy, Fantasy, Fiction, High Fantasy, Military & War"
And Then There Were None,Agatha Christie,2023/12/15,4.25,Crime Fiction,Standalone,"Detective, Classics, *completed","British, Crime, Detective, Fiction, Horror, Mystery, Thriller"
The Road,Cormac McCarthy,2023/12/09,4.75,Literary Fiction,Standalone,"Survival, Post-Apocalyptic, *completed","Adventure, Contemporary, Dystopian, Fantasy, Fiction, Horror, Literary, Post-Apocalyptic, Survival, Thriller"
Iron Flame,Rebecca Yarros,2023/11/30,3.75,Fantasy,Short Series,"Romance, Dragons, *completed","Adventure, Dragons, Fantasy, Fiction, High Fantasy, Military & War, Romance, Romantasy"
Fourth Wing,Rebecca Yarros,2023/11/20,2.75,Fantasy,Short Series,"Romance, Dragons, *completed","Adventure, Dragons, Fantasy, Fiction, High Fantasy, Military & War, Romance, Romantasy"
Dracula,Bram Stoker,2023/11/07,4.0,Horror,Standalone,"Romance, *completed, Historical Fiction, Classics, Supernatural Horror","Classics, Dark Academia, Epistolary, Fantasy, Fiction, Gothic, Horror, Ireland, Mystery, Supernatural, Supernatural Horror, Thriller, Vampires"
A Crown of Swords,Robert Jordan,2023/11/04,3.0,Fantasy,Long Series,"Epic Fantasy, *completed","Adventure, Epic, Epic Fantasy, Fantasy, Fiction, High Fantasy, Military & War"
I Am Legend,Richard Matheson,2023/10/31,4.25,Horror,Standalone,"*completed, Survival, Short Stories, Post-Apocalyptic, Classics, Supernatural Horror","Dystopian, Fantasy, Fiction, Horror, Post-Apocalyptic, Science, Short Stories, Supernatural, Supernatural Horror, Survival, Thriller, Vampires, Zombies"
I Have No Mouth and I Must Scream,Harlan Ellison,2023/10/31,3.75,Fantasy,Standalone,"Urban Fantasy, Humor, Western, Short Stories, *completed","Classics, Dystopian, Fantasy, Fiction, Horror, Short Stories"
The Sunlit Man,Brandon Sanderson,2023/10/27,4.25,Fantasy,Standalone,"Epic Fantasy, *completed","Adventure, Epic, Epic Fantasy, Fiction, High Fantasy, Science Fiction"
Dune Messiah,Frank Herbert,2023/10/14,3.75,Fantasy,Short Series,"Dystopian, *completed, Space Opera, Classics, Epic Fantasy","Adventure, Classics, Dystopian, Epic, Fantasy, Fiction, Philosophy, Politics, Religion, Science, Space Opera"
This Is How You Lose the Time War,Amal El-Mohtar & Max Gladstone,2023/10/07,4.0,Science Fiction,Standalone,"Romance, Dystopian, *completed, Time Travel","Science Fiction, Romance, Fiction, Fantasy, LGBTQ, Time Travel, Speculative Fiction, Dystopian, Epistolary, Literary, Military & War, Contemporary"
Lord of Chaos,Robert Jordan,2023/09/13,5.0,Fantasy,Long Series,"Epic Fantasy, *completed","Adventure, Epic, Epic Fantasy, Fantasy, Fiction, High Fantasy, Military & War"
Yumi and the Nightmare Painter,Brandon Sanderson,2023/08/27,4.5,Fantasy,Short Series,"Nautical, Romance, Cozy, Dragons, *completed, Epic Fantasy","Adventure, Cozy, Dragons, Epic, Fantasy, Fiction, High Fantasy, Humor, Nautical, Romance, Romantasy, Young Adult"
Station Eleven,Emily St. John Mandel,2023/07/28,5.0,Fantasy,Standalone,"Survival, Post-Apocalyptic, *completed","Adventure, Contemporary, Dystopian, Fantasy, Fiction, Literary, Post-Apocalyptic, Survival"
The Fires of Heaven,Robert Jordan,2023/07/22,4.0,Fantasy,Long Series,"Epic Fantasy, *completed","Adventure, Epic, Epic Fantasy, Fantasy, Fiction, High Fantasy, Military & War"
Stories of Your Life and Others,Ted Chiang,2023/07/22,4.75,Fantasy,Standalone,"*completed, Short Stories","Aliens, Contemporary, Fantasy, Fiction, Philosophy, Religion, Science, Short Stories"
The Frugal Wizard's Handbook for Surviving Medieval England,Brandon Sanderson,2023/07/06,3.75,Fantasy,Standalone,"Time Travel, *completed, Historical Fiction","Adventure, Alternate History, Fantasy, Fiction, High Fantasy, Historical Fiction, Humor, Medieval, Mystery, Time Travel, Young Adult"
Ender's Shadow,Orson Scott Card,2023/06/18,4.25,Fantasy,Short Series,"*completed, Space Opera","Adventure, Aliens, Dystopian, Fantasy, Fiction, Military & War, Science, Space Opera, Young Adult"
Exhalation,Ted Chiang,2023/06/14,4.25,Fantasy,Standalone,"Time Travel, *completed, Short Stories","Contemporary, Dystopian, Fantasy, Fiction, Philosophy, Science, Short Stories, Time Travel"
Reaper Man,Terry Pratchett,2023/06/12,4.25,Fantasy,Short Series,"*completed, Humor","Adventure, Fantasy, Fiction, High Fantasy, Humor, Science, Young Adult"
The Sword of Kaigen,M. L. Wang,2023/05/30,4.75,Fantasy,Standalone,"Indie, Epic Fantasy, *completed","Epic, Fantasy, Fiction, High Fantasy, Indie, Military & War, Science Fiction, Speculative Fiction, Thriller"
The Shadow Rising,Robert Jordan,2023/04/26,5.0,Fantasy,Long Series,"Epic Fantasy, *completed","Adventure, Epic, Epic Fantasy, Fantasy, Fiction, High Fantasy, Military & War"
Speaker for the Dead,Orson Scott Card,2023/03/24,4.75,Fantasy,Short Series,"*completed, Space Opera","Adventure, Aliens, Dystopian, Fantasy, Fiction, Military & War, Philosophy, Science, Space Opera, Young Adult"
Mort,Terry Pratchett,2023/03/18,4.5,Fantasy,Short Series,"*completed, Humor","Adventure, Fantasy, Fiction, High Fantasy, Humor, Science, Young Adult"
Ender's Game,Orson Scott Card,2023/02/22,5.0,Fantasy,Short Series,"Classics, *completed, Space Opera","Adventure, Aliens, Coming of Age, Dystopian, Fantasy, Fiction, Military & War, Science, Space Opera, Young Adult"
The Dragon Reborn,Robert Jordan,2023/02/09,4.75,Fantasy,Long Series,"Epic Fantasy, *completed","Adventure, Epic, Epic Fantasy, Fantasy, Fiction, High Fantasy, Military & War"
Tress of the Emerald Sea,Brandon Sanderson,2023/01/18,4.25,Fantasy,Short Series,"Nautical, Romance, Cozy, Dragons, *completed, Epic Fantasy","Adventure, Cozy, Dragons, Epic, Fantasy, Fiction, High Fantasy, Humor, Nautical, Pirates, Romance, Romantasy, Young Adult"
The Great Hunt,Robert Jordan,2022/12/31,4.75,Fantasy,Long Series,"Epic Fantasy, *completed","Adventure, Epic, Epic Fantasy, Fantasy, Fiction, High Fantasy, Military & War"
The Fifth Season,N. K. Jemisin,2022/12/31,2.0,Fantasy,Short Series,"Dystopian, *completed, Epic Fantasy, Post-Apocalyptic","Adventure, Dystopian, Epic, Epic Fantasy, Fantasy, Fiction, High Fantasy, LGBTQ, Post-Apocalyptic"
The Lost Metal,Brandon Sanderson,2022/12/09,4.25,Fantasy,Long Series,"Western, Epic Fantasy, *completed","Adventure, Epic, Epic Fantasy, Fantasy, Fiction, High Fantasy, Mystery, Steampunk, Urban Fantasy, Western, Young Adult"
The Eye of the World,Robert Jordan,2022/11/21,4.0,Fantasy,Long Series,"Epic Fantasy, *completed","Adventure, Epic, Epic Fantasy, Fantasy, Fiction, High Fantasy, Military & War"
A Night in the Lonesome October,Roger Zelazny,2022/11/13,3.5,Fantasy,Standalone,"Urban Fantasy, Humor, Cosmic Horror, *completed, Historical Fiction, Classics, Supernatural Horror","Adventure, Cosmic Horror, Fantasy, Fiction, Gothic, Grimdark, Historical Fiction, Horror, Humor, Mystery, Supernatural, Supernatural Horror, Urban Fantasy, Vampires"
Maskerade,Terry Pratchett,2022/10/23,4.5,Fantasy,Short Series,"*completed, Humor","Adventure, Fantasy, Fiction, High Fantasy, Humor, Music, Mystery, Science, Vampires, Young Adult"
Rhythm of War,Brandon Sanderson,2022/10/23,4.0,Fantasy,Long Series,"Epic Fantasy, *completed","Adventure, Epic, Epic Fantasy, Fantasy, Fiction, High Fantasy, Military & War"
The Torch That Ignites the Stars,Andrew Rowe,2022/10/11,3.0,Fantasy,Long Series,"*completed, Space Opera, Indie, Epic Fantasy","Epic, Epic Fantasy, Fantasy, Fiction, High Fantasy, Indie, Science, Space Opera, Thriller, Urban Fantasy, Young Adult"
Six Sacred Swords,Andrew Rowe,2022/09/02,3.5,Fantasy,Short Series,"Dragons, *completed, Indie, Progression Fantasy, Epic Fantasy","Adventure, Dragons, Epic, Epic Fantasy, Fantasy, Fiction, High Fantasy, Humor, Indie, LitRPG, Progression Fantasy"
Dawnshard,Brandon Sanderson,2022/08/19,4.5,Fantasy,Long Series,"Epic Fantasy, *completed, Short Stories","Adventure, Epic, Epic Fantasy, Fantasy, Fiction, High Fantasy, Military & War, Short Stories"
Lords and Ladies,Terry Pratchett,2022/08/18,4.0,Fantasy,Short Series,"*completed, Humor","Adventure, Fantasy, Fiction, High Fantasy, Humor, Mystery, Science, Vampires, Young Adult"
Oathbringer,Brandon Sanderson,2022/07/21,5.0,Fantasy,Long Series,"Epic Fantasy, *completed","Adventure, Epic, Epic Fantasy, Fantasy, Fiction, High Fantasy, Military & War, Speculative Fiction"
Forging Divinity,Andrew Rowe,2022/07/15,3.75,Fantasy,Short Series,"*completed, Indie, Progression Fantasy, Epic Fantasy","Adventure, Epic, Epic Fantasy, Fantasy, Fiction, High Fantasy, Indie, LitRPG, Progression Fantasy"
Witches Abroad,Terry Pratchett,2022/07/05,4.5,Fantasy,Short Series,"*completed, Humor","Adventure, Fairy Tales, Fantasy, Fiction, High Fantasy, Humor, Mystery, Science, Supernatural, Vampires, Young Adult"
Wyrd Sisters,Terry Pratchett,2022/06/15,5.0,Fantasy,Short Series,"*completed, Humor","Adventure, Fantasy, Fiction, High Fantasy, Humor, Mystery, Science, Vampires, Young Adult"
Equal Rites,Terry Pratchett,2022/06/01,3.75,Fantasy,Short Series,"*completed, Humor","Adventure, Fantasy, Feminism, Fiction, High Fantasy, Humor, Mystery, Science, Social Issues, Vampires, Young Adult"
Born a Crime,Trevor Noah,2022/05/23,5.0,Nonfiction,Standalone,"Humor, History, *completed, Biography, Nonfiction","Africa, Social Issues, History, Politics, Coming of Age, Contemporary, Humor, Comedy, Biography, Nonfiction, Entertainment"
On the Shoulders of Titans,Andrew Rowe,2022/05/16,,Fantasy,Long Series,"*completed, Space Opera, Indie, Progression Fantasy, Epic Fantasy","Adventure, Epic, Epic Fantasy, Fantasy, Fiction, High Fantasy, Indie, LGBTQ, LitRPG, Magic School, Progression Fantasy, Science, Space Opera, Urban Fantasy, Young Adult"
Guards! Guards!,Terry Pratchett,2022/05/04,5.0,Fantasy,Short Series,"Humor, Dragons, *completed, Epic Fantasy","Adventure, Crime, Dragons, Epic, Epic Fantasy, Fantasy, Fiction, High Fantasy, Humor, Military & War, Mystery, Science, Urban Fantasy, Young Adult"
Sufficiently Advanced Magic,Andrew Rowe,2022/04/22,2.75,Fantasy,Long Series,"*completed, Space Opera, Indie, Progression Fantasy, Epic Fantasy","Adventure, Epic, Epic Fantasy, Fantasy, Fiction, High Fantasy, Indie, LGBTQ, LitRPG, Magic School, Progression Fantasy, Science, Space Opera, Speculative Fiction, Urban Fantasy, Young Adult"
Words of Radiance,Brandon Sanderson,2022/04/12,5.0,Fantasy,Long Series,"Epic Fantasy, *completed","Adventure, Epic, Epic Fantasy, Fantasy, Fiction, High Fantasy, Military & War"
Rogue Protocol,Martha Wells,2022/04/08,4.75,Science Fiction,Short Series,"Humor, *completed, Short Stories, Space Opera, Cyberpunk","Adventure, Cyberpunk, Dystopian, Fantasy, Fiction, Humor, LGBTQ, Mystery, Robots, Science Fiction, Short Stories, Space Opera, Thriller"
Artificial Condition,Martha Wells,2022/03/31,4.5,Science Fiction,Short Series,"Humor, *completed, Short Stories, Space Opera, Cyberpunk","Adventure, Cyberpunk, Dystopian, Fantasy, Fiction, Humor, LGBTQ, Mystery, Robots, Science Fiction, Short Stories, Space Opera, Thriller"
All Systems Red,Martha Wells,2022/03/25,4.0,Science Fiction,Short Series,"Humor, *completed, Short Stories, Space Opera, Cyberpunk","Adventure, Cyberpunk, Dystopian, Fantasy, Fiction, Humor, LGBTQ, Mystery, Robots, Science Fiction, Short Stories, Space Opera, Thriller"
Battle Ground,Jim Butcher,2022/03/14,4.5,Fantasy,Long Series,"Urban Fantasy, Humor, Monster Hunting, *completed, Detective, Epic Fantasy, Dragons, Supernatural Horror","Adventure, Christianity, Contemporary, Detective, Dragons, Epic, Fae, Fantasy, Fiction, Horror, Humor, Military & War, Monster Hunting, Mystery, Mythology, Supernatural, Supernatural Horror, Thriller, Urban Fantasy, Vampires"
The Way of Kings,Brandon Sanderson,2022/02/25,5.0,Fantasy,Long Series,"Epic Fantasy, *completed","Adventure, Epic, Epic Fantasy, Fantasy, Fiction, High Fantasy, Military & War"
Peace Talks,Jim Butcher,2022/02/22,4.25,Fantasy,Long Series,"Urban Fantasy, Romance, Humor, Monster Hunting, *completed, Detective, Epic Fantasy, Dragons, Supernatural Horror","Adventure, Contemporary, Crime, Detective, Dragons, Epic, Fae, Fantasy, Fiction, Horror, Humor, Military & War, Monster Hunting, Mystery, Mythology, Supernatural, Supernatural Horror, Thriller, Urban Fantasy, Vampires"
Brief Cases,Jim Butcher,2022/02/17,4.0,Fantasy,Long Series,"Urban Fantasy, Humor, *completed, Short Stories, Detective","Fantasy, Urban Fantasy, Short Stories, Fiction, Mystery, Supernatural, Vampires, Speculative Fiction, Detective, Horror, Humor, Crime, Adventure, Science Fiction, Fae, Thriller, Contemporary, Zombies, Magical Realism"
The Dark Tower,Stephen King,2022/02/11,,Fantasy,Long Series,"Urban Fantasy, Western, *completed, Epic Fantasy, Post-Apocalyptic","Epic, Epic Fantasy, Fantasy, Fiction, Grimdark, High Fantasy, Horror, Mystery, Post-Apocalyptic, Thriller, Urban Fantasy"
Piranesi,Susanna Clarke,2022/01/19,5.0,Fantasy,Standalone,*completed,"Contemporary, Dark Academia, Fantasy, Fiction, Greek, Literary, Magical Realism, Mystery, Mythology, Thriller"
The Storyteller: Tales of Life and Music,Dave Grohl,2022/01/17,4.5,Nonfiction,Standalone,"Humor, History, *completed, Biography, Nonfiction","Biography, History, Humor, Music, Nonfiction"
The Bands of Mourning,Brandon Sanderson,2022/01/10,4.75,Fantasy,Long Series,"Western, Epic Fantasy, *completed","Adventure, Epic, Epic Fantasy, Fantasy, Fiction, High Fantasy, Mystery, Steampunk, Urban Fantasy, Western, Young Adult"
The Dark Tower,Stephen King,2022/01/09,4.25,Fantasy,Long Series,"Urban Fantasy, Western, *completed, Epic Fantasy, Post-Apocalyptic","Epic, Epic Fantasy, Fantasy, Fiction, Grimdark, High Fantasy, Horror, Mystery, Post-Apocalyptic, Thriller, Urban Fantasy"
Shadows of Self,Brandon Sanderson,2022/01/04,5.0,Fantasy,Long Series,"Western, Epic Fantasy, *completed","Adventure, Crime, Epic, Epic Fantasy, Fantasy, Fiction, High Fantasy, Mystery, Steampunk, Urban Fantasy, Western, Young Adult"
Warbreaker,Brandon Sanderson,2021/12/16,4.75,Fantasy,Standalone,"Romance, Epic Fantasy, *completed","Adventure, Epic, Epic Fantasy, Fantasy, Fiction, High Fantasy, Romance, Young Adult"
Annihilation,Jeff VanderMeer,2021/12/06,2.0,Horror,Short Series,"Cosmic Horror, Post-Apocalyptic, *completed","Adventure, Contemporary, Cosmic Horror, Dystopian, Fantasy, Fiction, Horror, Mystery, Post-Apocalyptic, Science, Thriller"
Elantris,Brandon Sanderson,2021/12/06,4.5,Fantasy,Standalone,"Romance, Epic Fantasy, *completed","Adventure, Epic, Epic Fantasy, Fantasy, Fiction, High Fantasy, Mystery, Romance, Young Adult"
The Sky Below,Scott Parazynski & Susy Flory,2021/11/11,4.0,Nonfiction,Standalone,"History, *completed, Biography, Nonfiction","Adventure, Biography, History, Nonfiction, Science, Travel"
Rebel's Creed,Daniel Greene,2021/11/08,4.0,Fantasy,Short Series,"Urban Fantasy, *completed, Indie, Epic Fantasy","Epic, Epic Fantasy, Fantasy, Fiction, Grimdark, High Fantasy, Horror, Indie, LGBTQ, Mystery, Urban Fantasy"
Song of Susannah,Stephen King,2021/11/07,3.25,Fantasy,Long Series,"Urban Fantasy, Western, *completed, Post-Apocalyptic, Time Travel, Epic Fantasy, Supernatural Horror","Adventure, Dystopian, Epic, Epic Fantasy, Fantasy, Fiction, Grimdark, High Fantasy, Horror, Mystery, Post-Apocalyptic, Supernatural, Supernatural Horror, Thriller, Time Travel, Urban Fantasy, Western"
Skin Game,Jim Butcher,2021/10/29,4.0,Fantasy,Long Series,"Urban Fantasy, Heist, Humor, Monster Hunting, *completed, Detective, Epic Fantasy, Dragons, Supernatural Horror","Adventure, Christianity, Contemporary, Crime, Detective, Dragons, Epic, Fae, Fantasy, Fiction, Heist, Horror, Humor, Military & War, Monster Hunting, Mystery, Mythology, Supernatural, Supernatural Horror, Thriller, Urban Fantasy, Vampires"
Cold Days,Jim Butcher,2021/10/21,4.25,Fantasy,Long Series,"Urban Fantasy, Humor, Monster Hunting, *completed, Detective, Epic Fantasy, Dragons, Supernatural Horror","Adventure, Christianity, Contemporary, Crime, Detective, Dragons, Epic, Fae, Fantasy, Fiction, Horror, Humor, Military & War, Monster Hunting, Mystery, Mythology, Supernatural, Supernatural Horror, Thriller, Urban Fantasy, Vampires"
Ghost Story,Jim Butcher,2021/10/02,4.5,Fantasy,Long Series,"Urban Fantasy, Humor, Monster Hunting, *completed, Noir, Detective, Epic Fantasy, Dragons, Supernatural Horror","Adventure, Christianity, Contemporary, Crime, Detective, Dragons, Epic, Fae, Fantasy, Fiction, Horror, Humor, Military & War, Monster Hunting, Mystery, Mythology, Noir, Supernatural, Supernatural Horror, Thriller, Urban Fantasy, Vampires"
Wolves of the Calla,Stephen King,2021/09/27,4.5,Fantasy,Long Series,"Urban Fantasy, Western, *completed, Post-Apocalyptic, Epic Fantasy, Supernatural Horror","Adventure, Dystopian, Epic, Epic Fantasy, Fantasy, Fiction, Grimdark, High Fantasy, Horror, Mystery, Post-Apocalyptic, Supernatural, Supernatural Horror, Thriller, Urban Fantasy, Western"
Side Jobs,Jim Butcher,2021/09/02,3.75,Fantasy,Long Series,"Urban Fantasy, Humor, Monster Hunting, Short Stories, *completed, Detective, Epic Fantasy, Dragons, Supernatural Horror","Adventure, Contemporary, Crime, Detective, Dragons, Epic, Fae, Fantasy, Fiction, Horror, Humor, Military & War, Monster Hunting, Mystery, Mythology, Short Stories, Supernatural, Supernatural Horror, Thriller, Urban Fantasy, Vampires"
Changes,Jim Butcher,2021/08/19,5.0,Fantasy,Long Series,"Urban Fantasy, Humor, Monster Hunting, *completed, Noir, Detective, Epic Fantasy, Dragons, Supernatural Horror","Adventure, Christianity, Contemporary, Crime, Detective, Dragons, Epic, Fae, Fantasy, Fiction, Horror, Humor, Military & War, Monster Hunting, Mystery, Mythology, Noir, Supernatural, Supernatural Horror, Thriller, Urban Fantasy, Vampires"
The Martian,Andy Weir,2021/08/06,5.0,Fantasy,Standalone,"Hard Sci-Fi, Survival, *completed","Adventure, Contemporary, Fantasy, Fiction, Hard Sci-Fi, Humor, Science, Survival, Thriller"
Turn Coat,Jim Butcher,2021/07/25,4.0,Fantasy,Long Series,"Urban Fantasy, Humor, Monster Hunting, *completed, Noir, Detective, Epic Fantasy, Dragons, Supernatural Horror","Adventure, Christianity, Contemporary, Crime, Detective, Dragons, Epic, Fae, Fantasy, Fiction, Horror, Humor, Military & War, Monster Hunting, Mystery, Mythology, Noir, Supernatural, Supernatural Horror, Thriller, Urban Fantasy, Vampires"
'Salem's Lot,Stephen King,2021/07/19,4.75,Horror,Standalone,"Supernatural Horror, *completed","Fantasy, Fiction, Gothic, Horror, Mystery, Supernatural, Supernatural Horror, Thriller, Vampires"
Small Favor,Jim Butcher,2021/07/08,4.25,Fantasy,Long Series,"Urban Fantasy, Humor, Monster Hunting, *completed, Noir, Detective, Epic Fantasy, Dragons, Supernatural Horror","Adventure, Christianity, Contemporary, Crime, Detective, Dragons, Epic, Fae, Fantasy, Fiction, Horror, Humor, Military & War, Monster Hunting, Mystery, Mythology, Noir, Supernatural, Supernatural Horror, Thriller, Urban Fantasy, Vampires"
Kings of the Wyld,Nicholas Eames,2021/06/29,,Fantasy,Short Series,"Sword & Sorcery, Humor, Dragons, *completed, Epic Fantasy","Adventure, Dragons, Epic, Epic Fantasy, Fantasy, Fiction, Found Family, Grimdark, High Fantasy, Humor, Military & War, Sword & Sorcery"
Project Hail Mary,Andy Weir,2021/06/22,5.0,Fantasy,Standalone,"Hard Sci-Fi, *completed","Adventure, Aliens, Dystopian, Fantasy, Fiction, Hard Sci-Fi, Humor, Mystery, Science, Thriller"
Breach of Peace,Daniel Greene,2021/06/04,3.75,Fantasy,Short Series,"Urban Fantasy, Short Stories, *completed, Indie, Detective, Epic Fantasy","Crime, Detective, Dystopian, Epic, Epic Fantasy, Fantasy, Fiction, Grimdark, High Fantasy, Horror, Indie, Mystery, Short Stories, Thriller, Urban Fantasy"
The Slow Regard of Silent Things,Patrick Rothfuss,2021/06/02,3.0,Fantasy,Short Series,"Epic Fantasy, *completed, Short Stories","Adventure, Epic, Epic Fantasy, Fantasy, Fiction, High Fantasy, Short Stories"
The Wise Man's Fear,Patrick Rothfuss,2021/05/20,4.5,Fantasy,Short Series,"Epic Fantasy, *completed","Adventure, Epic, Epic Fantasy, Fantasy, Fiction, High Fantasy"
White Night,Jim Butcher,2021/04/16,4.5,Fantasy,Long Series,"Urban Fantasy, Humor, Monster Hunting, *completed, Noir, Detective, Epic Fantasy, Dragons, Supernatural Horror","Adventure, Christianity, Contemporary, Crime, Detective, Dragons, Epic, Fae, Fantasy, Fiction, Horror, Humor, Military & War, Monster Hunting, Mystery, Mythology, Noir, Supernatural, Supernatural Horror, Thriller, Urban Fantasy, Vampires"
The Name of the Wind,Patrick Rothfuss,2021/04/05,5.0,Fantasy,Short Series,"Epic Fantasy, *completed","Adventure, Coming of Age, Epic, Epic Fantasy, Fantasy, Fiction, High Fantasy"
Proven Guilty,Jim Butcher,2021/02/26,4.0,Fantasy,Long Series,"Urban Fantasy, Humor, Monster Hunting, *completed, Noir, Detective, Epic Fantasy, Dragons, Supernatural Horror","Adventure, Christianity, Contemporary, Crime, Detective, Dragons, Epic, Fae, Fantasy, Fiction, Horror, Humor, Military & War, Monster Hunting, Mystery, Mythology, Noir, Supernatural, Supernatural Horror, Thriller, Urban Fantasy, Vampires"
Dead Beat,Jim Butcher,2021/01/27,5.0,Fantasy,Long Series,"Urban Fantasy, Humor, Monster Hunting, *completed, Noir, Detective, Epic Fantasy, Dragons, Supernatural Horror","Adventure, Christianity, Contemporary, Crime, Detective, Dragons, Epic, Fae, Fantasy, Fiction, Horror, Humor, Military & War, Monster Hunting, Mystery, Mythology, Noir, Supernatural, Supernatural Horror, Thriller, Urban Fantasy, Vampires, Zombies"
"The Hobbit, or There and Back Again",J. R. R. Tolkien,2021/01/01,5.0,Fantasy,Standalone,"Dragons, *completed, Classics, Epic Fantasy","Adventure, Classics, Dragons, Epic, Fantasy, Fiction, High Fantasy, Middle Grade, Young Adult"
The Silmarillion,J. R. R. Tolkien,2020/12/17,4.0,Fantasy,Standalone,"Dragons, *completed, Classics, Epic Fantasy","Adventure, Classics, Dragons, Epic, Fantasy, Fiction, High Fantasy, Mythology"
Blood Rites,Jim Butcher,2020/11/22,4.0,Fantasy,Long Series,"Urban Fantasy, Humor, Monster Hunting, *completed, Noir, Detective, Epic Fantasy, Dragons, Supernatural Horror","Adventure, Christianity, Contemporary, Crime, Detective, Dragons, Epic, Fae, Fantasy, Fiction, Horror, Humor, Military & War, Monster Hunting, Mystery, Mythology, Noir, Supernatural, Supernatural Horror, Thriller, Urban Fantasy, Vampires"
Death Masks,Jim Butcher,2020/11/15,4.25,Fantasy,Long Series,"Urban Fantasy, Humor, *completed, Noir, Detective, Epic Fantasy, Dragons, Supernatural Horror, Romance, Monster Hunting","Adventure, Christianity, Contemporary, Crime, Detective, Dragons, Epic, Fae, Fantasy, Fiction, Horror, Humor, Military & War, Monster Hunting, Mystery, Mythology, Noir, Supernatural, Supernatural Horror, Thriller, Urban Fantasy, Vampires"
To Sleep in a Sea of Stars,Christopher Paolini,2020/11/02,3.5,Fantasy,Standalone,"First Contact, *completed, Space Opera","Adventure, Aliens, Fantasy, Fiction, First Contact, Space Opera, Young Adult"
The Stand,Stephen King,2020/10/02,4.0,Horror,Standalone,"*completed, Survival, Post-Apocalyptic, Classics, Epic Fantasy, Supernatural Horror","Adventure, Dystopian, Epic, Fantasy, Fiction, Horror, Mystery, Post-Apocalyptic, Supernatural, Supernatural Horror, Survival, Thriller"
Mistborn,Brandon Sanderson,2020/09/23,5.0,Fantasy,Long Series,"Dystopian, Epic Fantasy, *completed","Adventure, Dystopian, Epic, Epic Fantasy, Fantasy, Fiction, High Fantasy, Mystery, Urban Fantasy, Young Adult"
The Hero of Ages,Brandon Sanderson,2020/09/23,5.0,Fantasy,Long Series,"Dystopian, Epic Fantasy, *completed","Adventure, Dystopian, Epic, Epic Fantasy, Fantasy, Fiction, High Fantasy, Mystery, Urban Fantasy, Young Adult"
The Well of Ascension,Brandon Sanderson,2020/09/08,5.0,Fantasy,Long Series,"Dystopian, Epic Fantasy, *completed","Adventure, Dystopian, Epic, Epic Fantasy, Fantasy, Fiction, High Fantasy, Mystery, Urban Fantasy, Young Adult"
Grave Peril,Jim Butcher,2020/08/06,5.0,Fantasy,Long Series,"Urban Fantasy, Humor, *completed, Noir, Detective, Epic Fantasy, Dragons, Supernatural Horror, Romance, Monster Hunting","Adventure, Christianity, Contemporary, Crime, Detective, Dragons, Epic, Fae, Fantasy, Fiction, Horror, Humor, Military & War, Monster Hunting, Mystery, Mythology, Noir, Supernatural, Supernatural Horror, Thriller, Urban Fantasy, Vampires"
Fool Moon,Jim Butcher,2020/07/30,5.0,Fantasy,Long Series,"Urban Fantasy, Humor, Monster Hunting, *completed, Noir, Detective, Epic Fantasy, Dragons, Supernatural Horror","Adventure, Contemporary, Crime, Detective, Dragons, Epic, Fantasy, Fiction, Horror, Humor, Military & War, Monster Hunting, Mystery, Mythology, Noir, Supernatural, Supernatural Horror, Thriller, Urban Fantasy, Vampires"
Wizard and Glass,Stephen King,2020/07/28,5.0,Fantasy,Long Series,"Urban Fantasy, Romance, Western, *completed, Post-Apocalyptic, Epic Fantasy, Supernatural Horror","Adventure, Dystopian, Epic, Epic Fantasy, Fantasy, Fiction, Grimdark, High Fantasy, Horror, Mystery, Post-Apocalyptic, Romance, Supernatural, Supernatural Horror, Thriller, Urban Fantasy, Western"
The Waste Lands,Stephen King,2020/04/18,4.0,Fantasy,Long Series,"Urban Fantasy, Western, *completed, Post-Apocalyptic, Epic Fantasy, Supernatural Horror","Adventure, Dystopian, Epic, Epic Fantasy, Fantasy, Fiction, Grimdark, High Fantasy, Horror, Mystery, Post-Apocalyptic, Supernatural, Supernatural Horror, Thriller, Urban Fantasy, Western"
The Drawing of the Three,Stephen King,2019/07/28,4.0,Fantasy,Long Series,"Urban Fantasy, Western, *completed, Post-Apocalyptic, Time Travel, Epic Fantasy, Supernatural Horror","Adventure, Dystopian, Epic, Epic Fantasy, Fantasy, Fiction, Grimdark, High Fantasy, Horror, Mystery, Post-Apocalyptic, Supernatural, Supernatural Horror, Thriller, Time Travel, Urban Fantasy, Western"
The Gunslinger,Stephen King,2019/05/22,3.0,Fantasy,Long Series,"Western, *completed, Post-Apocalyptic, Epic Fantasy, Supernatural Horror","Adventure, Dystopian, Epic, Epic Fantasy, Fantasy, Fiction, Grimdark, High Fantasy, Horror, Mystery, Post-Apocalyptic, Supernatural, Supernatural Horror, Thriller, Urban Fantasy, Western"
"Everything All at Once: How to Unleash Your Inner Nerd, Tap Into Radical Curiosity, and Solve Any Problem",Bill Nye,2019/04/02,5.0,Nonfiction,Standalone,"History, *completed, Biography, Nonfiction","Biography, Contemporary, History, Humor, Nonfiction, Philosophy, Psychology, Science, Self Help"
The Lady of the Lake,Andrzej Sapkowski,2018/10/31,3.5,Fantasy,Short Series,"Monster Hunting, Translated, Dragons, Short Stories, *completed, Epic Fantasy","Dragons, Epic, Epic Fantasy, Fantasy, Fiction, Grimdark, High Fantasy, Horror, Monster Hunting, Short Stories"
The Tower of the Swallow,Andrzej Sapkowski,2018/10/09,3.75,Fantasy,Short Series,"Translated, Dragons, *completed, Epic Fantasy, Monster Hunting","Adventure, Dragons, Epic, Epic Fantasy, Fantasy, Fiction, Grimdark, High Fantasy, Horror, Monster Hunting, Translated"
Baptism of Fire,Andrzej Sapkowski,2018/09/30,4.0,Fantasy,Short Series,"Dragons, *completed, Short Stories, Epic Fantasy, Monster Hunting","Dragons, Epic, Epic Fantasy, Fantasy, Fiction, Grimdark, High Fantasy, Horror, Monster Hunting, Short Stories"
The Time of Contempt,Andrzej Sapkowski,2018/09/24,5.0,Fantasy,Short Series,"Translated, Dragons, *completed, Epic Fantasy, Monster Hunting","Adventure, Dragons, Epic, Epic Fantasy, Fantasy, Fiction, Grimdark, High Fantasy, Horror, Monster Hunting, Translated"
Blood of Elves,Andrzej Sapkowski,2018/05/21,4.0,Fantasy,Short Series,"Translated, Dragons, *completed, Epic Fantasy, Monster Hunting, Supernatural Horror","Adventure, Dragons, Epic, Epic Fantasy, Fantasy, Fiction, Grimdark, High Fantasy, Horror, Monster Hunting, Supernatural, Supernatural Horror, Translated"
The Last Wish,Andrzej Sapkowski,2018/05/21,5.0,Fantasy,Short Series,"Romance, Monster Hunting, Translated, Short Stories, *completed, Epic Fantasy, Dragons, Supernatural Horror","Adventure, Dragons, Epic, Epic Fantasy, Fairy Tales, Fantasy, Fiction, Grimdark, High Fantasy, Horror, Monster Hunting, Short Stories, Supernatural, Supernatural Horror, Translated"
Sword of Destiny,Andrzej Sapkowski,2018/05/21,5.0,Fantasy,Short Series,"Romance, Monster Hunting, Translated, Short Stories, *completed, Epic Fantasy, Dragons, Supernatural Horror","Adventure, Dragons, Epic, Epic Fantasy, Fantasy, Fiction, Grimdark, High Fantasy, Horror, Monster Hunting, Short Stories, Supernatural, Supernatural Horror, Translated"
Artemis,Andy Weir,2018/03/14,4.0,Science Fiction,Standalone,"Hard Sci-Fi, Heist, *completed","Adventure, Crime, Fantasy, Fiction, Hard Sci-Fi, Heist, Humor, Mystery, Science, Thriller"
A Knight of the Seven Kingdoms,George R. R. Martin,2017/11/18,5.0,Fantasy,Long Series,"Dragons, *completed, Short Stories, Epic Fantasy","Adventure, Dragons, Epic, Epic Fantasy, Fantasy, Fiction, Grimdark, High Fantasy, Military & War, Short Stories, Young Adult"
A Dance With Dragons,George R. R. Martin,2017/10/24,5.0,Fantasy,Long Series,"Epic Fantasy, Dragons, *completed","Adventure, Dragons, Epic, Epic Fantasy, Fantasy, Fiction, Grimdark, High Fantasy, Medieval, Military & War, Young Adult"
A Feast for Crows,George R. R. Martin,2017/08/09,4.0,Fantasy,Long Series,"Epic Fantasy, Dragons, *completed","Adventure, Dragons, Epic, Epic Fantasy, Fantasy, Fiction, Grimdark, High Fantasy, Medieval, Military & War, Young Adult"
A Clash of Kings,George R. R. Martin,2017/01/04,5.0,Fantasy,Long Series,"Epic Fantasy, Dragons, *completed","Adventure, Dragons, Epic, Epic Fantasy, Fantasy, Fiction, Grimdark, High Fantasy, Medieval, Military & War, Young Adult"
Dynasty of Evil,Drew Karpyshyn,,4.0,Fantasy,Short Series,"Star Wars, *completed, Space Opera","Adventure, Fantasy, Fiction, Science, Space Opera, Star Wars"
The Hunger Games,Suzanne Collins,,4.0,Fantasy,Short Series,"Romance, Dystopian, *completed, Survival","Adventure, Dystopian, Fantasy, Fiction, Military & War, Post-Apocalyptic, Romance, Survival, Thriller, Young Adult"
Mockingjay,Suzanne Collins,,2.0,Fantasy,Short Series,"Romance, Dystopian, *completed, Survival","Adventure, Dystopian, Fantasy, Fiction, Military & War, Post-Apocalyptic, Romance, Survival, Thriller, Young Adult"
Harry Potter and the Goblet of Fire,J. K. Rowling,,5.0,Fantasy,Long Series,"Urban Fantasy, Dragons, *completed","Adventure, Dragons, Fantasy, Fiction, Mystery, Supernatural, Urban Fantasy, Young Adult"
Pale Blue Dot: A Vision of the Human Future in Space,Carl Sagan,,5.0,Nonfiction,Standalone,"History, *completed, Nonfiction, Aerospace","Aerospace, History, Nonfiction, Philosophy, Reference, Science, Science Fiction"
Fahrenheit 451,Ray Bradbury,,4.0,Fantasy,Standalone,"Dystopian, Classics, *completed","Classics, Dystopian, Fantasy, Fiction, Literary, Politics, Young Adult"
The Pilgrims of Rayne,D. J. Machale,,5.0,Fantasy,Long Series,"Urban Fantasy, Time Travel, *completed","Adventure, Alternate History, Dystopian, Fantasy, Fiction, Middle Grade, Military & War, Mystery, Supernatural, Time Travel, Urban Fantasy, Young Adult"
Harry Potter and the Sorcerer's Stone,J. K. Rowling,,5.0,Fantasy,Long Series,"Urban Fantasy, Dragons, *completed","Adventure, Dragons, Fantasy, Fiction, Middle Grade, Mystery, Supernatural, Urban Fantasy, Young Adult"
The Atlantis Complex,Eoin Colfer,,4.0,Fantasy,Short Series,"Urban Fantasy, Humor, *completed","Adventure, Contemporary, Crime, Fae, Fantasy, Fiction, Humor, Ireland, Middle Grade, Mystery, Supernatural, Urban Fantasy, Young Adult"
Erak's Ransom,John Flanagan,,,Fantasy,Short Series,"Epic Fantasy, *completed","Adventure, Epic, Epic Fantasy, Fantasy, Fiction, High Fantasy, Medieval, Middle Grade, Military & War, Mystery, Young Adult"
The Lost Colony,Eoin Colfer,,,Fantasy,Short Series,"Urban Fantasy, Humor, *completed, Time Travel","Adventure, Christianity, Contemporary, Crime, Fae, Fantasy, Fiction, Humor, Ireland, Middle Grade, Mystery, Supernatural, Time Travel, Urban Fantasy, Young Adult"
Halt's Peril,John Flanagan,,,Fantasy,Short Series,"Epic Fantasy, *completed","Adventure, Epic, Epic Fantasy, Fantasy, Fiction, High Fantasy, Medieval, Middle Grade, Military & War, Mystery, Young Adult"
Returns,Mark Lawrence,,3.5,Fantasy,Short Series,"Romance, Humor, Short Stories, *completed, Indie, Epic Fantasy","Adventure, Dark Academia, Dystopian, Epic, Epic Fantasy, Fantasy, Fiction, High Fantasy, Humor, Mystery, Romance, Romantasy, Short Stories, Speculative Fiction"
World War Z: An Oral History of the Zombie War,Max Brooks,,,Fantasy,Standalone,"Urban Fantasy, Humor, *completed, Post-Apocalyptic, Survival, Supernatural Horror","Adventure, Alternate History, Contemporary, Dystopian, Epistolary, Fantasy, Fiction, Horror, Humor, Military & War, Post-Apocalyptic, Supernatural, Supernatural Horror, Survival, Thriller, Urban Fantasy, Zombies"
The Time Paradox,Eoin Colfer,,,Fantasy,Short Series,"Urban Fantasy, Humor, *completed, Time Travel","Adventure, Contemporary, Crime, Fae, Fantasy, Fiction, Humor, Ireland, Middle Grade, Mystery, Supernatural, Time Travel, Urban Fantasy, Young Adult"
Specter of the Past,Timothy Zahn,,4.0,Fantasy,Short Series,"Star Wars, *completed, Space Opera","Adventure, Aliens, Fantasy, Fiction, Science, Space Opera, Star Wars"
The Last Command,Timothy Zahn,,5.0,Fantasy,Short Series,"Star Wars, *completed, Space Opera","Adventure, Aliens, Fantasy, Fiction, Military & War, Science, Space Opera, Star Wars, Young Adult"
Path of Destruction,Drew Karpyshyn,,5.0,Fantasy,Short Series,"Star Wars, *completed, Space Opera","Adventure, Fantasy, Fiction, Science, Space Opera, Star Wars"
Raven's Gate,Anthony Horowitz,,,Fantasy,Short Series,"Urban Fantasy, Supernatural Horror, *completed","Adventure, British, Fantasy, Fiction, Horror, Middle Grade, Mystery, Mythology, Supernatural, Supernatural Horror, Thriller, Urban Fantasy, Young Adult"
Eagle Strike,Anthony Horowitz,,,Crime Fiction,Short Series,"*completed, Espionage","Adventure, Contemporary, Crime, Espionage, Fantasy, Fiction, Middle Grade, Mystery, Science Fiction, Thriller, Young Adult"
The Sorceress,Michael Scott,,4.0,Fantasy,Short Series,"Urban Fantasy, *completed","Adventure, Fantasy, Fiction, Middle Grade, Mystery, Mythology, Supernatural, Urban Fantasy, Young Adult"
Bad Astronomy,Philip Plait,,4.0,Nonfiction,Standalone,"Humor, History, Indie, Nonfiction, Aerospace","Science, Nonfiction, Aerospace, Philosophy, History, Humor, Science Fiction, Writing"
Heir to the Empire,Timothy Zahn,,5.0,Fantasy,Short Series,"Star Wars, *completed, Space Opera","Adventure, Aliens, Fantasy, Fiction, Military & War, Science, Space Opera, Star Wars, Young Adult"
The Quillan Games,D. J. Machale,,5.0,Fantasy,Long Series,"Urban Fantasy, Time Travel, *completed","Adventure, Alternate History, Dystopian, Fantasy, Fiction, Middle Grade, Military & War, Mystery, Supernatural, Time Travel, Urban Fantasy, Young Adult"
An Astronaut's Guide to Life on Earth,Chris Hadfield,,4.0,Nonfiction,Standalone,"History, Competence, *completed, Biography, Nonfiction, Aerospace","Adventure, Aerospace, Biography, Competence, Economics & Business, History, Inspirational, Nonfiction, Philosophy, Psychology, Science, Self Help, Travel"
The Titan's Curse,Rick Riordan,,5.0,Fantasy,Short Series,"Urban Fantasy, Humor, *completed","Fantasy, Fiction, Humor, Middle Grade, Mythology, Urban Fantasy, Young Adult"
Harry Potter and the Sorcerer's Stone,J. K. Rowling,,,Fantasy,Long Series,"Urban Fantasy, Dragons, *completed","Adventure, Dragons, Fantasy, Fiction, Middle Grade, Mystery, Supernatural, Urban Fantasy, Young Adult"
Point Blank,Anthony Horowitz,,,Crime Fiction,Short Series,"*completed, Espionage","Adventure, Contemporary, Crime, Espionage, Fantasy, Fiction, Middle Grade, Mystery, Science Fiction, Thriller, Young Adult"
The Reality Bug,D. J. Machale,,5.0,Fantasy,Long Series,"Urban Fantasy, Time Travel, *completed","Adventure, Alternate History, Dystopian, Fantasy, Fiction, Middle Grade, Military & War, Mystery, Supernatural, Time Travel, Urban Fantasy, Young Adult"
The Hitchhiker’s Guide to the Galaxy,Douglas Adams,,,Science Fiction,Short Series,"Humor, *completed, Space Opera, Classics","Adventure, Classics, Fiction, Humor, Science, Science Fiction, Space Opera"
Scorpia Rising,Anthony Horowitz,,,Crime Fiction,Short Series,"*completed, Espionage","Adventure, Contemporary, Crime, Espionage, Fantasy, Fiction, Middle Grade, Mystery, Science Fiction, Thriller, Young Adult"
The Emperor of Nihon-Ja,John Flanagan,,,Fantasy,Short Series,"Epic Fantasy, *completed","Adventure, Epic, Epic Fantasy, Fantasy, Fiction, High Fantasy, Medieval, Middle Grade, Military & War, Mystery, Young Adult"
The Arctic Incident,Eoin Colfer,,,Fantasy,Short Series,"Urban Fantasy, Humor, *completed","Adventure, Contemporary, Crime, Fae, Fantasy, Fiction, Humor, Ireland, Middle Grade, Mystery, Supernatural, Urban Fantasy, Young Adult"
The Eternity Code,Eoin Colfer,,,Fantasy,Short Series,"Urban Fantasy, Humor, *completed","Adventure, Contemporary, Crime, Fae, Fantasy, Fiction, Humor, Ireland, Middle Grade, Mystery, Supernatural, Urban Fantasy, Young Adult"
The Ruins of Gorlan,John Flanagan,,,Fantasy,Short Series,"Epic Fantasy, *completed","Adventure, Coming of Age, Epic, Epic Fantasy, Fantasy, Fiction, High Fantasy, Medieval, Middle Grade, Military & War, Mystery, Young Adult"
2001,Arthur C. Clarke,,4.0,Fantasy,Short Series,"Classics, *completed, Space Opera","Adventure, Aliens, Classics, Fantasy, Fiction, Science, Space Opera"
The Lost Hero,Rick Riordan,,5.0,Fantasy,Short Series,"Urban Fantasy, Dragons, *completed","Adventure, Contemporary, Dragons, Fantasy, Fiction, Greek, Middle Grade, Mystery, Mythology, Urban Fantasy, Young Adult"
The Soldiers of Halla,D. J. Machale,,5.0,Fantasy,Long Series,"Urban Fantasy, Time Travel, *completed","Adventure, Alternate History, Dystopian, Fantasy, Fiction, Middle Grade, Military & War, Mystery, Supernatural, Time Travel, Urban Fantasy, Young Adult"
The Alchemyst,Michael Scott,,5.0,Fantasy,Short Series,"Urban Fantasy, *completed","Adventure, Fantasy, Fiction, Middle Grade, Mystery, Mythology, Supernatural, Urban Fantasy, Young Adult"
Season of Storms,Andrzej Sapkowski,,4.0,Fantasy,Short Series,"Translated, Dragons, *completed, Epic Fantasy, Monster Hunting","Adventure, Dragons, Epic, Epic Fantasy, Fantasy, Fiction, Grimdark, High Fantasy, Horror, Monster Hunting, Translated"
Summer Knight,Jim Butcher,,4.0,Fantasy,Long Series,"Urban Fantasy, Humor, Monster Hunting, *completed, Noir, Detective, Epic Fantasy, Dragons, Supernatural Horror","Adventure, Contemporary, Crime, Detective, Dragons, Epic, Fae, Fantasy, Fiction, Horror, Humor, Military & War, Monster Hunting, Mystery, Mythology, Noir, Supernatural, Supernatural Horror, Thriller, Urban Fantasy, Vampires"
Eragon,Christopher Paolini,,4.0,Fantasy,Long Series,"Dragons, *completed, Indie, Epic Fantasy","Adventure, Dragons, Epic, Epic Fantasy, Fantasy, Fiction, High Fantasy, Young Adult"
The Lost Symbol,Dan Brown,,4.0,Crime Fiction,Long Series,"Detective, *completed","Adventure, Contemporary, Crime, Detective, Fantasy, Fiction, Mystery, Religion, Science, Science Fiction, Thriller"
The Children of Húrin,J. R. R. Tolkien,,5.0,Fantasy,Standalone,"Epic Fantasy, Dragons, *completed","Adventure, Classics, Dragons, Epic, Fantasy, Fiction, High Fantasy, Mythology"
The Magician,Michael Scott,,4.0,Fantasy,Short Series,"Urban Fantasy, *completed","Adventure, Fantasy, Fiction, Middle Grade, Mystery, Mythology, Supernatural, Urban Fantasy, Young Adult"
Snakehead,Anthony Horowitz,,3.0,Crime Fiction,Short Series,"*completed, Espionage","Adventure, Contemporary, Crime, Espionage, Fantasy, Fiction, Middle Grade, Mystery, Science Fiction, Thriller, Young Adult"
The Burning Bridge,John Flanagan,,,Fantasy,Short Series,"Epic Fantasy, *completed","Adventure, Epic, Epic Fantasy, Fantasy, Fiction, High Fantasy, Medieval, Middle Grade, Military & War, Mystery, Young Adult"
The Lost World,Michael Crichton,,5.0,Science Fiction,Short Series,"Techno-Thriller, *completed, Sci-Fi Horror","Techno-Thriller, Adventure, Fantasy, Horror, Science Fiction, Sci-Fi Horror, Thriller"
The Dark Tower,Stephen King,,,Fantasy,Long Series,"Urban Fantasy, Western, *completed, Epic Fantasy, Post-Apocalyptic","Epic, Epic Fantasy, Fantasy, Fiction, Grimdark, High Fantasy, Horror, Mystery, Post-Apocalyptic, Thriller, Urban Fantasy"
Harry Potter and the Deathly Hallows,J. K. Rowling,,5.0,Fantasy,Long Series,"Urban Fantasy, Dragons, *completed","Adventure, Coming of Age, Dragons, Fantasy, Fiction, Mystery, Supernatural, Urban Fantasy, Young Adult"
Black Water,D. J. Machale,,4.0,Fantasy,Long Series,"Urban Fantasy, Time Travel, *completed","Adventure, Alternate History, Dystopian, Fantasy, Fiction, Middle Grade, Military & War, Mystery, Supernatural, Time Travel, Urban Fantasy, Young Adult"
Evil Star,Anthony Horowitz,,,Fantasy,Short Series,"Urban Fantasy, Supernatural Horror, *completed","Adventure, Contemporary, Dystopian, Fantasy, Fiction, Horror, Middle Grade, Mystery, Mythology, Supernatural, Supernatural Horror, Thriller, Urban Fantasy, Young Adult"
Inheritance,Christopher Paolini,,3.0,Fantasy,Long Series,"Dragons, *completed, Indie, Epic Fantasy","Adventure, Dragons, Epic, Epic Fantasy, Fantasy, Fiction, High Fantasy, Young Adult"
Crocodile Tears,Anthony Horowitz,,,Crime Fiction,Short Series,"*completed, Espionage","Adventure, Contemporary, Crime, Espionage, Fiction, Middle Grade, Mystery, Science Fiction, Thriller, Young Adult"
The Siege of Macindaw,John Flanagan,,,Fantasy,Short Series,"Epic Fantasy, *completed","Adventure, Epic, Epic Fantasy, Fantasy, Fiction, High Fantasy, Medieval, Middle Grade, Military & War, Mystery, Young Adult"
The Time Machine and the Invisible Man,H. G. Wells,,4.0,Science Fiction,Standalone,"Time Travel, *completed","Adventure, British, Contemporary, Dystopian, Fantasy, Fiction, Horror, Literary, Mystery, Science, Steampunk, Time Travel, Travel"
Harry Potter and the Chamber of Secrets,J. K. Rowling,,5.0,Fantasy,Long Series,"Urban Fantasy, Dragons, *completed","Adventure, Dragons, Fantasy, Fiction, Middle Grade, Mystery, Supernatural, Urban Fantasy, Young Adult"
Eldest,Christopher Paolini,,5.0,Fantasy,Long Series,"Dragons, *completed, Indie, Epic Fantasy","Adventure, Dragons, Epic, Epic Fantasy, Fantasy, Fiction, High Fantasy, Young Adult"
Rule of Two,Drew Karpyshyn,,4.0,Fantasy,Short Series,"Star Wars, *completed, Space Opera","Adventure, Fantasy, Fiction, Science, Space Opera, Star Wars"
Ark Angel,Anthony Horowitz,,,Crime Fiction,Short Series,"*completed, Espionage","Adventure, Contemporary, Crime, Espionage, Fantasy, Fiction, Middle Grade, Mystery, Science Fiction, Thriller, Young Adult"
Raven Rise,D. J. Machale,,5.0,Fantasy,Long Series,"Urban Fantasy, Time Travel, *completed","Adventure, Alternate History, Dystopian, Fantasy, Fiction, Middle Grade, Military & War, Mystery, Supernatural, Time Travel, Urban Fantasy, Young Adult"
Catching Fire,Suzanne Collins,,4.0,Fantasy,Short Series,"Romance, Dystopian, *completed, Survival","Adventure, Dystopian, Fantasy, Fiction, Military & War, Post-Apocalyptic, Romance, Survival, Thriller, Young Adult"
The Two Towers,J. R. R. Tolkien,,5.0,Fantasy,Short Series,"Classics, Epic Fantasy, *completed","Adventure, Classics, Epic, Epic Fantasy, Fantasy, Fiction, High Fantasy, Military & War"
A Game of Thrones,George R. R. Martin,,5.0,Fantasy,Long Series,"Epic Fantasy, Dragons, *completed","Adventure, Dragons, Epic, Epic Fantasy, Fantasy, Fiction, Grimdark, High Fantasy, Medieval, Military & War, Young Adult"
The Merchant of Death,D. J. Machale,,4.0,Fantasy,Long Series,"Urban Fantasy, *completed","Adventure, Alternate History, Fantasy, Fiction, Middle Grade, Military & War, Mystery, Urban Fantasy, Young Adult"
The Son of Neptune,Rick Riordan,,5.0,Fantasy,Long Series,"Urban Fantasy, Dragons, *completed","Adventure, Contemporary, Dragons, Fantasy, Fiction, Greek, Middle Grade, Mystery, Mythology, Urban Fantasy, Young Adult"
A Storm of Swords,George R. R. Martin,,5.0,Fantasy,Long Series,"Epic Fantasy, Dragons, *completed","Adventure, Dragons, Epic, Epic Fantasy, Fantasy, Fiction, Grimdark, High Fantasy, Medieval, Military & War, Young Adult"
Exit Strategy,Martha Wells,,4.5,Science Fiction,Short Series,"Humor, *completed, Short Stories, Space Opera, Cyberpunk","Adventure, Cyberpunk, Fantasy, Fiction, Humor, LGBTQ, Mystery, Robots, Science Fiction, Short Stories, Space Opera, Thriller"
The Return of the King,J. R. R. Tolkien,,5.0,Fantasy,Short Series,"Classics, Epic Fantasy, *completed","Adventure, Classics, Epic, Epic Fantasy, Fantasy, Fiction, High Fantasy, Military & War"
The Dark Tower,Stephen King,,,Fantasy,Long Series,"Urban Fantasy, Western, *completed, Epic Fantasy, Post-Apocalyptic","Epic, Epic Fantasy, Fantasy, Fiction, Grimdark, High Fantasy, Horror, Mystery, Post-Apocalyptic, Thriller, Urban Fantasy"
The Kings of Clonmel,John Flanagan,,,Fantasy,Short Series,"Epic Fantasy, *completed","Adventure, Epic, Epic Fantasy, Fantasy, Fiction, High Fantasy, Medieval, Middle Grade, Military & War, Mystery, Young Adult"
The Opal Deception,Eoin Colfer,,,Fantasy,Short Series,"Urban Fantasy, Humor, *completed","Adventure, Contemporary, Fae, Fantasy, Fiction, Humor, Ireland, Middle Grade, Mystery, Supernatural, Urban Fantasy, Young Adult"
The Alloy of Law,Brandon Sanderson,,3.75,Fantasy,Long Series,"Western, Epic Fantasy, *completed","Adventure, Crime, Epic, Epic Fantasy, Fantasy, Fiction, High Fantasy, Mystery, Steampunk, Urban Fantasy, Western, Young Adult"
The Da Vinci Code,Dan Brown,,3.0,Crime Fiction,Long Series,"Detective, *completed","Adventure, Art, Contemporary, Crime, Detective, Europe, Fantasy, Fiction, Mystery, Religion, Science, Science Fiction, Thriller"
Flowers for Algernon,Daniel Keyes,,5.0,Fantasy,Standalone,"Classics, *completed, Short Stories","Classics, Contemporary, Epistolary, Fantasy, Fiction, Literary, Psychology, Short Stories, Young Adult"
The Fellowship of the Ring,J. R. R. Tolkien,,5.0,Fantasy,Short Series,"Classics, Epic Fantasy, *completed","Adventure, Classics, Epic, Epic Fantasy, Fantasy, Fiction, High Fantasy, Military & War"
The Sorcerer of the North,John Flanagan,,,Fantasy,Short Series,"Epic Fantasy, *completed","Adventure, Epic, Epic Fantasy, Fantasy, Fiction, High Fantasy, Medieval, Middle Grade, Military & War, Mystery, Young Adult"
The Icebound Land,John Flanagan,,,Fantasy,Short Series,"Epic Fantasy, *completed","Adventure, Epic, Epic Fantasy, Fantasy, Fiction, High Fantasy, Medieval, Middle Grade, Military & War, Mystery, Young Adult"
Every Tool's a Hammer,Adam Savage,,5.0,Nonfiction,Standalone,"Competence, *completed, Biography, Nonfiction","Nonfiction, Biography, Science, Self Help, Art, Philosophy, Economics & Business, Competence"
The Battle of the Labyrinth,Rick Riordan,,,Fantasy,Short Series,"Urban Fantasy, Humor, *completed","Adventure, Contemporary, Fantasy, Fiction, Greek, Humor, Middle Grade, Mythology, Urban Fantasy, Young Adult"
Necropolis,Anthony Horowitz,,,Fantasy,Short Series,"Urban Fantasy, Supernatural Horror, *completed","Adventure, Christianity, Contemporary, Dystopian, Fantasy, Fiction, Horror, Middle Grade, Mystery, Mythology, Supernatural, Supernatural Horror, Thriller, Urban Fantasy, Young Adult"
Lord of the Flies,William Golding,,3.0,Literary Fiction,Standalone,"Survival, Classics, *completed","Adventure, Classics, Coming of Age, Dystopian, Fantasy, Fiction, Historical Fiction, Horror, Literary, Science Fiction, Survival, Thriller, Young Adult"
Skeleton Key,Anthony Horowitz,,,Crime Fiction,Short Series,"*completed, Espionage","Adventure, Contemporary, Crime, Espionage, Fantasy, Fiction, Middle Grade, Mystery, Science Fiction, Thriller, Young Adult"
Vision of the Future,Timothy Zahn,,5.0,Fantasy,Short Series,"Romance, *completed, Space Opera, Star Wars","Adventure, Aliens, Fantasy, Fiction, Romance, Science, Space Opera, Star Wars"
The Mark of Athena,Rick Riordan,,5.0,Fantasy,Long Series,"Urban Fantasy, Dragons, *completed","Adventure, Contemporary, Dragons, Fantasy, Fiction, Greek, Middle Grade, Mystery, Mythology, Urban Fantasy, Young Adult"
The Battle for Skandia,John Flanagan,,,Fantasy,Short Series,"Epic Fantasy, *completed","Adventure, Epic, Epic Fantasy, Fantasy, Fiction, High Fantasy, Medieval, Middle Grade, Military & War, Mystery, Young Adult"
Nightrise,Anthony Horowitz,,,Fantasy,Short Series,"Urban Fantasy, *completed, Time Travel, Supernatural Horror","Adventure, Contemporary, Dystopian, Fantasy, Fiction, Horror, Middle Grade, Mystery, Mythology, Supernatural, Supernatural Horror, Thriller, Time Travel, Urban Fantasy, Young Adult"
Angels & Demons,Dan Brown,,4.0,Crime Fiction,Long Series,"Detective, *completed","Adventure, Contemporary, Crime, Detective, Europe, Fantasy, Fiction, Mystery, Religion, Science, Science Fiction, Thriller"
The Rivers of Zadaa,D. J. Machale,,4.0,Fantasy,Long Series,"Urban Fantasy, *completed","Adventure, Alternate History, Fantasy, Fiction, Middle Grade, Military & War, Mystery, Urban Fantasy, Young Adult"
Dark Force Rising,Timothy Zahn,,5.0,Fantasy,Short Series,"Star Wars, *completed, Space Opera","Adventure, Aliens, Fantasy, Fiction, Military & War, Science, Space Opera, Star Wars, Young Adult"
Harry Potter and the Prisoner of Azkaban,J. K. Rowling,,5.0,Fantasy,Long Series,"Urban Fantasy, *completed, Time Travel, Dragons","Adventure, Dragons, Fantasy, Fiction, Middle Grade, Mystery, Supernatural, Time Travel, Urban Fantasy, Young Adult"
The Lost City of Faar,D. J. Machale,,5.0,Fantasy,Long Series,"Urban Fantasy, Time Travel, *completed","Adventure, Alternate History, Dystopian, Fantasy, Fiction, Middle Grade, Military & War, Mystery, Supernatural, Time Travel, Urban Fantasy, Young Adult"
The Lightning Thief,Rick Riordan,,5.0,Fantasy,Short Series,"Urban Fantasy, Humor, *completed","Adventure, Contemporary, Fantasy, Fiction, Greek, Humor, Middle Grade, Mythology, Supernatural, Urban Fantasy, Young Adult"
The Last Olympian,Rick Riordan,,5.0,Fantasy,Short Series,"Urban Fantasy, Humor, *completed","Adventure, Contemporary, Fantasy, Fiction, Greek, Humor, Middle Grade, Mythology, Urban Fantasy, Young Adult"
Norse Mythology,Neil Gaiman,,5.0,Fantasy,Standalone,"*completed, Short Stories","Adventure, Fantasy, Fiction, Mythology, Norse, Religion, Short Stories, Young Adult"
Harry Potter and the Order of the Phoenix,J. K. Rowling,,5.0,Fantasy,Long Series,"Urban Fantasy, Dragons, *completed","Adventure, Coming of Age, Dragons, Fantasy, Fiction, Mystery, Supernatural, Urban Fantasy, Young Adult"
Scorpia Rising,Anthony Horowitz,,,Crime Fiction,Short Series,"*completed, Espionage","Adventure, Contemporary, Crime, Espionage, Fantasy, Fiction, Middle Grade, Mystery, Science Fiction, Thriller, Young Adult"
Artemis Fowl,Eoin Colfer,,4.0,Fantasy,Short Series,"Urban Fantasy, Humor, *completed","Adventure, Contemporary, Crime, Fae, Fantasy, Fiction, Humor, Ireland, Middle Grade, Mystery, Supernatural, Urban Fantasy, Young Adult"
Stormbreaker,Anthony Horowitz,,,Crime Fiction,Short Series,"*completed, Espionage","Adventure, British, Contemporary, Crime, Espionage, Fantasy, Fiction, Middle Grade, Mystery, Science Fiction, Thriller, Young Adult"
Storm Front,Jim Butcher,,4.0,Fantasy,Long Series,"Urban Fantasy, Humor, Monster Hunting, *completed, Noir, Detective, Epic Fantasy, Dragons, Supernatural Horror","Adventure, Christianity, Contemporary, Crime, Detective, Dragons, Epic, Fantasy, Fiction, Horror, Humor, Military & War, Monster Hunting, Mystery, Mythology, Noir, Supernatural, Supernatural Horror, Thriller, Urban Fantasy, Vampires"
Brisingr,Christopher Paolini,,5.0,Fantasy,Long Series,"Dragons, *completed, Indie, Epic Fantasy","Adventure, Dragons, Epic, Epic Fantasy, Fantasy, Fiction, High Fantasy, Young Adult"
Harry Potter and the Half-Blood Prince,J. K. Rowling,,5.0,Fantasy,Long Series,"Urban Fantasy, Dragons, *completed","Adventure, Coming of Age, Dragons, Fantasy, Fiction, Mystery, Supernatural, Urban Fantasy, Young Adult"
The Never War,D. J. Machale,,4.0,Fantasy,Long Series,"Urban Fantasy, Time Travel, *completed","Adventure, Alternate History, Dystopian, Fantasy, Fiction, Middle Grade, Military & War, Mystery, Supernatural, Time Travel, Urban Fantasy, Young Adult"
The Sea of Monsters,Rick Riordan,,5.0,Fantasy,Short Series,"Urban Fantasy, Humor, *completed","Adventure, Contemporary, Fantasy, Fiction, Greek, Humor, Middle Grade, Mythology, Urban Fantasy, Young Adult"
